Temperature (K),Energy (J)
298,48.80952
96.82405384,42.03042
154.2353155,48.80952